<?xml version="1.0" encoding="utf-8"?>
<Manifest
    xmlns:xsi="http://www.w3.org/2001/XMLSchema-instance"
    xsi:noNamespaceSchemaLocation="../schemas/BehavioralModel/efmiBehavioralModelManifest.xsd"
    efmiVersion="1.0.0"
    xsdVersion="0.7.0"
    id="{8e8de505-056d-42b5-b5c0-ee3ab570d2d5}"
    kind="BehavioralModel"
    name="M04_DrivetrainTorqueControl.Tests.Controller_ExplEuler"
    generationDateAndTime="2021-02-26T13:20:27Z"
    generationTool="Library EMPHYSIS_TestCases_Utilities (by DLR) using Dymola and ContainerManager">

  <ManifestReferences>
<ManifestReference id="ID_MNFST_1" manifestRefId="{4585651c-9211-49f2-8f20-6c3ebe08e650}" checksum="bb1fcaa777c0a6ab4dd9fc6fa409798ace78f031" origin="true"/>
  </ManifestReferences>

  <Files>
    <File id="ID_ReferenceFile1"
          name="Reference1.csv"
          path="./TestCases/ReferenceData/"
          needsChecksum="true"
          checksum="429ab4b9df58ff2bfe9e28a15ee616a4376e78a2"
          description="Generated with Dymola 2021.0 by simulation of the Modelica model M04_DrivetrainTorqueControl.ReferenceTests.Controller_ExplEuler"
          role="ReferenceData"/>
    <File id="ID_ReferenceFile2"
          name="Reference2.csv"
          path="./TestCases/ReferenceData/"
          needsChecksum="true"
          checksum="76ba6e03fe04e006d8dccd5786db2e281509885b"
          description="Generated with Dymola 2021.0 by simulation of the Modelica model M04_DrivetrainTorqueControl.ReferenceTests.Controller_ExplEuler_ClosedLoop"
          role="ReferenceData"/>
  </Files>

  <Scenarios>
    <Scenario name="Scenario1" id="ID_Scenario1">
      <ScenarioPart id="ID_Part1" name="Controller_ExplEuler" fileRefId="ID_ReferenceFile1"/>
    </Scenario>
    <Scenario name="Scenario2" id="ID_Scenario2">
      <ScenarioPart id="ID_Part2" name="Controller_ExplEuler_ClosedLoop" fileRefId="ID_ReferenceFile2"/>
    </Scenario>
  </Scenarios>

  <Variables>
    <Variable id="M_desired">
      <ForeignVariableReference manifestReferenceRefId="ID_MNFST_1" foreignRefId="M_desired"/>
    </Variable>
    <Variable id="wRel">
      <ForeignVariableReference manifestReferenceRefId="ID_MNFST_1" foreignRefId="wRel"/>
    </Variable>
    <Variable id="M_motor">
      <ForeignVariableReference manifestReferenceRefId="ID_MNFST_1" foreignRefId="M_motor"/>
    </Variable>
  </Variables>

  <CsvData>
    <TimeData name="Time">
      <Parts>
        <Part scenarioPartRefId="ID_Part1"/>
        <Part scenarioPartRefId="ID_Part2"/>
      </Parts>
    </TimeData>
    <Data variableRefId="M_desired">
      <Parts>
        <Part scenarioPartRefId="ID_Part1"/>
        <Part scenarioPartRefId="ID_Part2"/>
      </Parts>
      <Nominals>
        <Nominal name="M_desired"/>
      </Nominals>
    </Data>
    <Data variableRefId="wRel">
      <Parts>
        <Part scenarioPartRefId="ID_Part1"/>
        <Part scenarioPartRefId="ID_Part2"/>
      </Parts>
      <Nominals>
        <Nominal name="wRel"/>
      </Nominals>
    </Data>
    <Data variableRefId="M_motor">
      <Parts>
        <Part scenarioPartRefId="ID_Part1"/>
      </Parts>
      <Nominals>
        <Nominal name="M_motor"/>
      </Nominals>
      <Tolerances>
        <Tolerance floatPrecision="32-bit" absTol="0.001" relTol="0.0001"/>
        <Tolerance floatPrecision="64-bit" absTol="1e-06" relTol="1e-08"/>
      </Tolerances>
    </Data>
    <Data variableRefId="M_motor">
      <Parts>
        <Part scenarioPartRefId="ID_Part2"/>
      </Parts>
      <Nominals>
        <Nominal name="M_motor"/>
      </Nominals>
      <Tolerances>
        <Tolerance floatPrecision="32-bit" absTol="0.001" relTol="0.0001"/>
        <Tolerance floatPrecision="64-bit" absTol="1e-06" relTol="1e-08"/>
      </Tolerances>
    </Data>
  </CsvData>
</Manifest>
