<?xml version="1.0" encoding="UTF-8"?>
<Manifest xmlns:xsi="http://www.w3.org/2001/XMLSchema-instance" xsdVersion="0.11.0" kind="BinaryCode" efmiVersion="1.0.0" id="{e9806ccf-bbe1-4e07-b8be-01f8527bbbad}" name="BinaryCodeESP32" generationDateAndTime="2021-03-01T18:51:08.289+01:00" generationTool="ESP" xsi:noNamespaceSchemaLocation="../schemas\BinaryCode\efmiBinaryCodeManifest.xsd">
    <ManifestReferences>
        <ManifestReference id="PROD_MAN_ID" manifestRefId="{0e483707-8851-4de2-baae-0dbf9d2524c4}" checksum="1573e4d679b95d90fc588329542d0913c13a8ae3" origin="true"/>
    </ManifestReferences>
    <Files>
        <File id="FILE_ID_eFMI_TestCases_M04_DrivetrainTorqueControl_Controllers_Controller.o_0" name="eFMI_TestCases_M04_DrivetrainTorqueControl_Controllers_Controller.o" path="./default/" needsChecksum="true" checksum="66d7d69eb5a9d974342f19bba92a660f9c12bdeb" role="Code"/>
        <File id="FILE_ID_esp_alg.o_1" name="esp_alg.o" path="./default/" needsChecksum="true" checksum="2dd56148f8dbbc6bc2773576a0e3254cd1ed23d6" role="Code"/>
        <File id="FILE_ID_efmi_code.o_2" name="efmi_code.o" path="./default/" needsChecksum="true" checksum="d1d8b2ecb1475b133266e3ae2b0528ff8dbd787e" role="Code"/>
        <File id="FILE_ID_makefile_3" name="makefile" path="./" needsChecksum="true" checksum="e8c71c47b20731fded058cafe272fd5133c1889b" role="other"/>
        <File id="FILE_ID_build.bat_4" name="build.bat" path="./" needsChecksum="true" checksum="75fe3e01e952e16cd1275d7a3f548a3608c0a56d" role="other"/>
        <File id="FILE_ID_build.sh_5" name="build.sh" path="./" needsChecksum="true" checksum="a59388be7bcba42cc6e9dab2acb67b37c92928f0" role="other"/>
        <File id="FILE_ID_buildReport.txt_6" name="buildReport.txt" path="./" needsChecksum="true" checksum="f5cfc9bc318f62bc6bdc958beb64b225a0889edc" role="other"/>
    </Files>
    <BinaryContainer>
        <BuildConfiguration>
            <Compiler id="COMPILER_ID" vendor="GNU Project" name="GCC" version="10.2" executableName="gcc"/>
            <Linker vendor="GNU Project" name="GCC" version="10.2" executableName="gcc"/>
            <CompilerOptionSets>
                <CompilerOptionSet id="CMPOPTSET_ID_default_0" compilerRefId="COMPILER_ID">
                    <CompilerOptions compileRoot="./default">
                        <CompilerSwitch index="1" id="CMPOPT_ID_0" name="fno-diagnostics-color"/>
                        <CompilerSwitch index="2" id="CMPOPT_ID_1" name="m32"/>
                        <CompilerSwitch index="3" id="CMPOPT_ID_2" name="march" value="i586"/>
                    </CompilerOptions>
                </CompilerOptionSet>
                <CompilerOptionSet id="CMPOPTSET_ID_shared_1" compilerRefId="COMPILER_ID">
                    <CompilerOptions compileRoot="./shared">
                        <CompilerSwitch index="1" id="CMPOPT_ID_3" name="fPIC"/>
                    </CompilerOptions>
                </CompilerOptionSet>
            </CompilerOptionSets>
            <DefaultCompilerOptions compilerOptionsRefId="CMPOPTSET_ID_default_0"/>
            <LinkerOptionSet>
                <LinkerOptions>
                    <LinkerSwitch index="1" id="LKROPT_ID_0" name="shared"/>
                    <LinkerSwitch index="2" id="LKROPT_ID_1" name="lm"/>
                </LinkerOptions>
            </LinkerOptionSet>
            <CompileTarget vendor="ESP" targetName="Linux" chipVersion="1.0" instructionSetArchitecture="x86" endianess="big" registerWidth="32" addressWidth="32"/>
        </BuildConfiguration>
        <Modules>
            <BinaryModule id="BINMOD_ID_0" generationTool="ESP" generationDateAndTime="2021-03-01T18:51:08.289+01:00">
                <ObjectFile id="OBJFILE_ID_0">
                    <FileReference fileRefId="FILE_ID_eFMI_TestCases_M04_DrivetrainTorqueControl_Controllers_Controller.o_0"/>
                    <ForeignSourceFileReference manifestReferenceRefId="PROD_MAN_ID" foreignRefId="FILE_ID_eFMI_TestCases_M04_DrivetrainTorqueControl_Controllers_Controller.c_1"/>
                </ObjectFile>
            </BinaryModule>
            <BinaryModule id="BINMOD_ID_1" generationTool="ESP" generationDateAndTime="2021-03-01T18:51:08.289+01:00">
                <ObjectFile id="OBJFILE_ID_1">
                    <FileReference fileRefId="FILE_ID_esp_alg.o_1"/>
                    <ForeignSourceFileReference manifestReferenceRefId="PROD_MAN_ID" foreignRefId="FILE_ID_esp_alg.c_3"/>
                </ObjectFile>
            </BinaryModule>
            <BinaryModule id="BINMOD_ID_2" generationTool="ESP" generationDateAndTime="2021-03-01T18:51:08.289+01:00">
                <ObjectFile id="OBJFILE_ID_2">
                    <FileReference fileRefId="FILE_ID_efmi_code.o_2"/>
                    <ForeignSourceFileReference manifestReferenceRefId="PROD_MAN_ID" foreignRefId="FILE_ID_efmi_code.c_5"/>
                </ObjectFile>
            </BinaryModule>
        </Modules>
        <BinaryContainerInfo/>
    </BinaryContainer>
</Manifest>
