<?xml version="1.0" encoding="UTF-8"?>
<Manifest
	xmlns:xsi="http://www.w3.org/2001/XMLSchema-instance"
	xsi:noNamespaceSchemaLocation="../schemas/AlgorithmCode/efmiAlgorithmCodeManifest.xsd"
	efmiVersion="1.0.0"
	xsdVersion="0.13.0"
	id="{4585651c-9211-49f2-8f20-6c3ebe08e650}"
	kind="AlgorithmCode"
	name="eFMI_TestCases.M04_DrivetrainTorqueControl.Controllers.Controller"
	generationDateAndTime="2021-03-01T15:22:37Z"
	generationTool="Dymola Version 2022 Beta 1 (64-bit), 2021-03-05"
	description=""
	version="0.7.0">

	<Files>
		<File
			name="block.alg"
			id="block.alg"
			path="./"
			needsChecksum="true"
			checksum="111f2f232b8e8a32d341fba626af771701dea6bf"
			role="Code"/>
	</Files>

	<Clock id="'discrete.clock'" variableRefId="'discrete.stepSize'"/>

	<BlockMethods fileRefId="block.alg" writeOutputs="Undefined">
		<BlockMethod id="Startup()" kind="Startup">
			<Signals>
				<Signal value="NAN"/>
				<Signal value="SOLVE_LINEAR_EQUATIONS_FAILED"/>
			</Signals>
		</BlockMethod>
		<BlockMethod id="Recalibrate()" kind="Recalibrate"/>
		<BlockMethod id="DoStep()" kind="DoStep">
			<Signals>
				<Signal value="NAN"/>
				<Signal value="SOLVE_LINEAR_EQUATIONS_FAILED"/>
			</Signals>
		</BlockMethod>
	</BlockMethods>

	<ErrorSignalStatus id="block:fake-signal-variable-anchor"/>

	<Units>
		<Unit id="[1]" name="1"/>
		<Unit id="[Hz]" name="Hz">
			<BaseUnit
				s="-1"/>
		</Unit>
		<Unit id="[J]" name="J">
			<BaseUnit
				m="2"
				kg="1"
				s="-2"/>
		</Unit>
		<Unit id="[N.m]" name="N.m">
			<BaseUnit
				m="2"
				kg="1"
				s="-2"/>
		</Unit>
		<Unit id="[N.m.s/rad]" name="N.m.s/rad">
			<BaseUnit
				m="2"
				kg="1"
				s="-1"
				rad="-1"/>
		</Unit>
		<Unit id="[N.m/rad]" name="N.m/rad">
			<BaseUnit
				m="2"
				kg="1"
				s="-2"
				rad="-1"/>
		</Unit>
		<Unit id="[W]" name="W">
			<BaseUnit
				m="2"
				kg="1"
				s="-3"/>
		</Unit>
		<Unit id="[kg.m2]" name="kg.m2">
			<BaseUnit
				m="2"
				kg="1"/>
		</Unit>
		<Unit id="[rad]" name="rad">
			<BaseUnit
				rad="1"/>
		</Unit>
		<Unit id="[rad/s]" name="rad/s">
			<BaseUnit
				s="-1"
				rad="1"/>
		</Unit>
		<Unit id="[rad/s2]" name="rad/s2">
			<BaseUnit
				s="-2"
				rad="1"/>
		</Unit>
		<Unit id="[s]" name="s">
			<BaseUnit
				s="1"/>
		</Unit>
	</Units>

	<Variables>
		<RealVariable
			id="M_desired"
			name="M_desired"
			blockCausality="input"
			min="-1.0E+06"
			max="1.0E+06"
			start="0.0">
		</RealVariable>
		<RealVariable
			id="wRel"
			name="wRel"
			blockCausality="input"
			min="-1.0E+04"
			max="1.0E+04"
			start="0.0">
		</RealVariable>
		<RealVariable
			id="M_motor"
			name="M_motor"
			blockCausality="output"
			min="-1.0E+06"
			max="1.0E+06"
			start="0.0">
		</RealVariable>
		<RealVariable
			id="J_M"
			name="J_M"
			description="Moment of inertia"
			blockCausality="tunableParameter"
			unitRefId="[kg.m2]"
			relativeQuantity="false"
			start="1.00000000000000002E-02">
		</RealVariable>
		<RealVariable
			id="Ni_PI"
			name="Ni_PI"
			description="Ni*Ti is time constant of anti-windup compensation"
			blockCausality="tunableParameter"
			min="1.00000000000000003E-13"
			start="1.34000000000000008">
		</RealVariable>
		<RealVariable
			id="Ti_PI"
			name="Ti_PI"
			description="Time constant of Integrator block"
			blockCausality="tunableParameter"
			unitRefId="[s]"
			relativeQuantity="false"
			min="9.9999999999999997E-61"
			start="1.25">
		</RealVariable>
		<RealVariable
			id="c_res"
			name="c_res"
			description="Resulting stiffnes for road and powertrain ~1/((1/c_mu)+1/c)"
			blockCausality="tunableParameter"
			unitRefId="[N.m/rad]"
			relativeQuantity="false"
			min="0.0"
			start="4.71E+03">
		</RealVariable>
		<RealVariable
			id="d_res"
			name="d_res"
			description="Damping constant"
			blockCausality="tunableParameter"
			unitRefId="[N.m.s/rad]"
			relativeQuantity="false"
			min="0.0"
			start="1.57000000000000006">
		</RealVariable>
		<RealVariable
			id="f_cut"
			name="f_cut"
			description="Cut-off frequency"
			blockCausality="tunableParameter"
			unitRefId="[Hz]"
			relativeQuantity="false"
			start="3.3E+01">
		</RealVariable>
		<RealVariable
			id="gearRatio"
			name="gearRatio"
			description="Gear ratio"
			blockCausality="tunableParameter"
			unitRefId="[1]"
			relativeQuantity="false"
			start="1.0E+01">
		</RealVariable>
		<RealVariable
			id="k_PI"
			name="k_PI"
			description="Gain of controller"
			blockCausality="tunableParameter"
			unitRefId="[1]"
			relativeQuantity="false"
			start="-7.3E+01">
		</RealVariable>
		<RealVariable
			id="k_accCor"
			name="k_accCor"
			description="Gain value multiplied with input signal"
			blockCausality="tunableParameter"
			unitRefId="[1]"
			relativeQuantity="false"
			start="-1.01615216387814008E-02">
		</RealVariable>
		<RealVariable
			id="tauM_max"
			name="tauM_max"
			description="Max motor torque"
			blockCausality="tunableParameter"
			start="1.23E+03">
		</RealVariable>
		<RealVariable
			id="'PI.wp'"
			name="'PI.wp'"
			description="Set-point weight for Proportional block (0..1)"
			blockCausality="constant"
			start="1.0">
		</RealVariable>
		<RealVariable
			id="'PI.xi_start'"
			name="'PI.xi_start'"
			description="Initial or guess value value for integrator output (= integrator state)"
			blockCausality="constant"
			start="0.0">
		</RealVariable>
		<RealVariable
			id="'PI.yMin'"
			name="'PI.yMin'"
			description="Lower limit of output"
			blockCausality="dependentParameter"
			start="-1.23E+03">
		</RealVariable>
		<RealVariable
			id="'PI.y'"
			name="'PI.y'"
			description="Connector of actuator output signal"
			blockCausality="state"
			start="0.0">
		</RealVariable>
		<RealVariable
			id="'PI.I.k'"
			name="'PI.I.k'"
			description="Integrator gain"
			blockCausality="dependentParameter"
			unitRefId="[1]"
			relativeQuantity="false"
			start="8.00000000000000044E-01">
		</RealVariable>
		<RealVariable
			id="'derivative(PI.I.y)'"
			name="'derivative(PI.I.y)'"
			description="der(Connector of Real output signal)"
			blockCausality="state"
			start="0.0">
		</RealVariable>
		<RealVariable
			id="'PI.I.u'"
			name="'PI.I.u'"
			description="Connector of Real input signal"
			blockCausality="state"
			start="0.0">
		</RealVariable>
		<RealVariable
			id="'PI.I.y'"
			name="'PI.I.y'"
			description="Connector of Real output signal"
			blockCausality="state"
			min="-1.0E+04"
			max="1.0E+04"
			start="0.0">
		</RealVariable>
		<RealVariable
			id="'PI.P.k'"
			name="'PI.P.k'"
			description="Gain value multiplied with input signal"
			blockCausality="constant"
			unitRefId="[1]"
			relativeQuantity="false"
			start="1.0">
		</RealVariable>
		<RealVariable
			id="'PI.P.y'"
			name="'PI.P.y'"
			description="Output signal connector"
			blockCausality="state"
			start="0.0">
		</RealVariable>
		<RealVariable
			id="'PI.addI.k1'"
			name="'PI.addI.k1'"
			description="Gain of input signal 1"
			blockCausality="constant"
			start="1.0">
		</RealVariable>
		<RealVariable
			id="'PI.addI.k2'"
			name="'PI.addI.k2'"
			description="Gain of input signal 2"
			blockCausality="constant"
			start="-1.0">
		</RealVariable>
		<RealVariable
			id="'PI.addI.k3'"
			name="'PI.addI.k3'"
			description="Gain of input signal 3"
			blockCausality="constant"
			start="1.0">
		</RealVariable>
		<RealVariable
			id="'PI.addI.u3'"
			name="'PI.addI.u3'"
			description="Connector of Real input signal 3"
			blockCausality="state"
			start="0.0">
		</RealVariable>
		<RealVariable
			id="'PI.addP.k2'"
			name="'PI.addP.k2'"
			description="Gain of input signal 2"
			blockCausality="constant"
			start="-1.0">
		</RealVariable>
		<RealVariable
			id="'PI.addP.y'"
			name="'PI.addP.y'"
			description="Connector of Real output signal"
			blockCausality="state"
			start="0.0">
		</RealVariable>
		<RealVariable
			id="'PI.addPI.k1'"
			name="'PI.addPI.k1'"
			description="Gain of input signal 1"
			blockCausality="constant"
			start="1.0">
		</RealVariable>
		<RealVariable
			id="'PI.addPI.k2'"
			name="'PI.addPI.k2'"
			description="Gain of input signal 2"
			blockCausality="constant"
			start="1.0">
		</RealVariable>
		<RealVariable
			id="'PI.addSat.k1'"
			name="'PI.addSat.k1'"
			description="Gain of input signal 1"
			blockCausality="constant"
			start="-1.0">
		</RealVariable>
		<RealVariable
			id="'PI.addSat.k2'"
			name="'PI.addSat.k2'"
			description="Gain of input signal 2"
			blockCausality="constant"
			start="1.0">
		</RealVariable>
		<RealVariable
			id="'PI.addSat.y'"
			name="'PI.addSat.y'"
			description="Connector of Real output signal"
			blockCausality="state"
			start="0.0">
		</RealVariable>
		<RealVariable
			id="'PI.add_ff.k1'"
			name="'PI.add_ff.k1'"
			description="Gain of input signal 1"
			blockCausality="constant"
			start="1.0">
		</RealVariable>
		<RealVariable
			id="'PI.add_ff.k2'"
			name="'PI.add_ff.k2'"
			description="Gain of input signal 2"
			blockCausality="constant"
			start="1.0">
		</RealVariable>
		<RealVariable
			id="'PI.gainPI.u'"
			name="'PI.gainPI.u'"
			description="Input signal connector"
			blockCausality="state"
			start="0.0">
		</RealVariable>
		<RealVariable
			id="'PI.gainPI.y'"
			name="'PI.gainPI.y'"
			description="Output signal connector"
			blockCausality="state"
			start="0.0">
		</RealVariable>
		<RealVariable
			id="'PI.gainTrack.k'"
			name="'PI.gainTrack.k'"
			description="Gain value multiplied with input signal"
			blockCausality="dependentParameter"
			unitRefId="[1]"
			relativeQuantity="false"
			start="-1.02228583111838058E-02">
		</RealVariable>
		<RealVariable
			id="'PI.limiter.u'"
			name="'PI.limiter.u'"
			description="Connector of Real input signal"
			blockCausality="state"
			start="0.0">
		</RealVariable>
		<RealVariable
			id="'approxPlant.driveline.J_M'"
			name="'approxPlant.driveline.J_M'"
			description="Moment of inertia"
			blockCausality="dependentParameter"
			unitRefId="[kg.m2]"
			relativeQuantity="false"
			min="0.0"
			start="1.00000000000000005E-04">
		</RealVariable>
		<RealVariable
			id="'approxPlant.driveline.Gear.phi_rel0'"
			name="'approxPlant.driveline.Gear.phi_rel0'"
			description="Unstretched spring angle"
			blockCausality="constant"
			unitRefId="[rad]"
			relativeQuantity="false"
			start="0.0">
		</RealVariable>
		<RealVariable
			id="'derivative(approxPlant.driveline.Gear.phi_rel)'"
			name="'derivative(approxPlant.driveline.Gear.phi_rel)'"
			description="der(Relative rotation angle (= flange_b.phi - flange_a.phi))"
			blockCausality="state"
			unitRefId="[rad/s]"
			relativeQuantity="false"
			start="0.0">
		</RealVariable>
		<RealVariable
			id="'derivative(approxPlant.driveline.Gear.tau_c)'"
			name="'derivative(approxPlant.driveline.Gear.tau_c)'"
			description="der(Spring torque)"
			blockCausality="state"
			unitRefId="[W]"
			relativeQuantity="false"
			start="0.0">
		</RealVariable>
		<RealVariable
			id="'derivative(approxPlant.driveline.Gear.tau_d)'"
			name="'derivative(approxPlant.driveline.Gear.tau_d)'"
			description="der(Damping torque)"
			blockCausality="state"
			unitRefId="[W]"
			relativeQuantity="false"
			start="0.0">
		</RealVariable>
		<RealVariable
			id="'derivative(approxPlant.driveline.Gear.w_rel)'"
			name="'derivative(approxPlant.driveline.Gear.w_rel)'"
			description="der(Relative angular velocity (= der(phi_rel)))"
			blockCausality="state"
			unitRefId="[rad/s2]"
			relativeQuantity="false"
			start="0.0">
		</RealVariable>
		<RealVariable
			id="'approxPlant.driveline.Gear.phi_rel'"
			name="'approxPlant.driveline.Gear.phi_rel'"
			description="Relative rotation angle (= flange_b.phi - flange_a.phi)"
			blockCausality="state"
			unitRefId="[rad]"
			relativeQuantity="false"
			nominal="1.00000000000000005E-04"
			start="0.0">
		</RealVariable>
		<RealVariable
			id="'approxPlant.driveline.Gear.tau_c'"
			name="'approxPlant.driveline.Gear.tau_c'"
			description="Spring torque"
			blockCausality="state"
			unitRefId="[N.m]"
			relativeQuantity="false"
			start="0.0">
		</RealVariable>
		<RealVariable
			id="'approxPlant.driveline.Gear.tau_d'"
			name="'approxPlant.driveline.Gear.tau_d'"
			description="Damping torque"
			blockCausality="state"
			unitRefId="[N.m]"
			relativeQuantity="false"
			start="0.0">
		</RealVariable>
		<RealVariable
			id="'derivative(approxPlant.driveline.flange_b.tau)'"
			name="'derivative(approxPlant.driveline.flange_b.tau)'"
			description="der(Cut torque in the flange)"
			blockCausality="state"
			unitRefId="[W]"
			relativeQuantity="false"
			start="0.0">
		</RealVariable>
		<RealVariable
			id="'approxPlant.driveline.flange_b.tau'"
			name="'approxPlant.driveline.flange_b.tau'"
			description="Cut torque in the flange"
			blockCausality="state"
			unitRefId="[N.m]"
			relativeQuantity="false"
			start="0.0">
		</RealVariable>
		<RealVariable
			id="'derivative(approxPlant.driveline.inertiaDrivelineIn.w)'"
			name="'derivative(approxPlant.driveline.inertiaDrivelineIn.w)'"
			description="der(Absolute angular velocity of component (= der(phi)))"
			blockCausality="state"
			unitRefId="[rad/s2]"
			relativeQuantity="false"
			start="0.0">
		</RealVariable>
		<RealVariable
			id="'approxPlant.driveline.inertiaDrivelineIn.flange_b.tau'"
			name="'approxPlant.driveline.inertiaDrivelineIn.flange_b.tau'"
			description="Cut torque in the flange"
			blockCausality="state"
			unitRefId="[N.m]"
			relativeQuantity="false"
			start="0.0">
		</RealVariable>
		<RealVariable
			id="'derivative(approxPlant.torqueDist.flange.tau)'"
			name="'derivative(approxPlant.torqueDist.flange.tau)'"
			description="der(Cut torque in the flange)"
			blockCausality="state"
			unitRefId="[W]"
			relativeQuantity="false"
			start="0.0">
		</RealVariable>
		<RealVariable
			id="'approxPlant.torqueDist.flange.tau'"
			name="'approxPlant.torqueDist.flange.tau'"
			description="Cut torque in the flange"
			blockCausality="state"
			unitRefId="[N.m]"
			relativeQuantity="false"
			start="0.0">
		</RealVariable>
		<BooleanVariable
			id="'filter.normalized'"
			name="'filter.normalized'"
			description="= true, if amplitude at f_cut is 3 dB, otherwise unmodified filter"
			blockCausality="constant"
			start="true">
		</BooleanVariable>
		<RealVariable
			id="'filter.x_start[1]'"
			name="'filter.x_start[1]'"
			description="Initial or guess values of states"
			blockCausality="constant"
			start="0.0">
		</RealVariable>
		<RealVariable
			id="'filter.x_start[2]'"
			name="'filter.x_start[2]'"
			description="Initial or guess values of states"
			blockCausality="constant"
			start="0.0">
		</RealVariable>
		<RealVariable
			id="'filter.alpha'"
			name="'filter.alpha'"
			description="Frequency correction factor for normalized filter"
			blockCausality="dependentParameter"
			start="6.43594252905582698E-01">
		</RealVariable>
		<RealVariable
			id="'filter.w'"
			name="'filter.w'"
			blockCausality="dependentParameter"
			start="3.22167443542017679E+02">
		</RealVariable>
		<RealVariable
			id="'derivative(filter.x[1])'"
			name="'derivative(filter.x[1])'"
			description="der(Filter states)"
			blockCausality="state"
			start="0.0">
		</RealVariable>
		<RealVariable
			id="'derivative(filter.x[2])'"
			name="'derivative(filter.x[2])'"
			description="der(Filter states)"
			blockCausality="state"
			start="0.0">
		</RealVariable>
		<RealVariable
			id="'filter.x[1]'"
			name="'filter.x[1]'"
			description="Filter states"
			blockCausality="state"
			start="0.0">
		</RealVariable>
		<RealVariable
			id="'filter.x[2]'"
			name="'filter.x[2]'"
			description="Filter states"
			blockCausality="state"
			start="0.0">
		</RealVariable>
		<RealVariable
			id="'gear.u'"
			name="'gear.u'"
			description="Input signal connector"
			blockCausality="state"
			unitRefId="[N.m]"
			relativeQuantity="false"
			start="0.0">
		</RealVariable>
		<RealVariable
			id="'gear.y'"
			name="'gear.y'"
			description="Output signal connector"
			blockCausality="state"
			unitRefId="[J]"
			relativeQuantity="false"
			start="0.0">
		</RealVariable>
		<RealVariable
			id="'gear1.k'"
			name="'gear1.k'"
			description="Gain value multiplied with input signal"
			blockCausality="dependentParameter"
			unitRefId="[1]"
			relativeQuantity="false"
			start="1.00000000000000006E-01">
		</RealVariable>
		<RealVariable
			id="'discrete.stepSize'"
			name="'discrete.stepSize'"
			blockCausality="constant"
			start="5.0000000000000001E-04">
		</RealVariable>
	</Variables>
</Manifest>