OriginalName,CookedName,BlockCausality,PrimitiveType,Dimension
M_desired,M_desired,Input,Real,./.
wRel,wRel,Input,Real,./.
M_motor,M_motor,Output,Real,./.
J_M,J_M,TunableParameter,Real,./.
Ni_PI,Ni_PI,TunableParameter,Real,./.
Ti_PI,Ti_PI,TunableParameter,Real,./.
c_res,c_res,TunableParameter,Real,./.
d_res,d_res,TunableParameter,Real,./.
f_cut,f_cut,TunableParameter,Real,./.
gearRatio,gearRatio,TunableParameter,Real,./.
k_PI,k_PI,TunableParameter,Real,./.
k_accCor,k_accCor,TunableParameter,Real,./.
tauM_max,tauM_max,TunableParameter,Real,./.
'PI.wp',C_PI__wp_,Constant,Real,./.
'PI.xi_start',C_PI__xi_start_,Constant,Real,./.
'PI.yMin',C_PI__yMin_,DependentParameter,Real,./.
'PI.y',C_PI__y_,State,Real,./.
'PI.I.k',C_PI__I__k_,DependentParameter,Real,./.
'derivative(PI.I.y)',C_derivative_PI__I__y__,State,Real,./.
'PI.I.u',C_PI__I__u_,State,Real,./.
'PI.I.y',C_PI__I__y_,State,Real,./.
'PI.P.k',C_PI__P__k_,Constant,Real,./.
'PI.P.y',C_PI__P__y_,State,Real,./.
'PI.addI.k1',C_PI__addI__k1_,Constant,Real,./.
'PI.addI.k2',C_PI__addI__k2_,Constant,Real,./.
'PI.addI.k3',C_PI__addI__k3_,Constant,Real,./.
'PI.addI.u3',C_PI__addI__u3_,State,Real,./.
'PI.addP.k2',C_PI__addP__k2_,Constant,Real,./.
'PI.addP.y',C_PI__addP__y_,State,Real,./.
'PI.addPI.k1',C_PI__addPI__k1_,Constant,Real,./.
'PI.addPI.k2',C_PI__addPI__k2_,Constant,Real,./.
'PI.addSat.k1',C_PI__addSat__k1_,Constant,Real,./.
'PI.addSat.k2',C_PI__addSat__k2_,Constant,Real,./.
'PI.addSat.y',C_PI__addSat__y_,State,Real,./.
'PI.add_ff.k1',C_PI__add_ff__k1_,Constant,Real,./.
'PI.add_ff.k2',C_PI__add_ff__k2_,Constant,Real,./.
'PI.gainPI.u',C_PI__gainPI__u_,State,Real,./.
'PI.gainPI.y',C_PI__gainPI__y_,State,Real,./.
'PI.gainTrack.k',C_PI__gainTrack__k_,DependentParameter,Real,./.
'PI.limiter.u',C_PI__limiter__u_,State,Real,./.
'approxPlant.driveline.J_M',C_approxPlant__driveline__J_M_,DependentParameter,Real,./.
'approxPlant.driveline.Gear.phi_rel0',C_approxPlant___Gear__phi_rel0_,Constant,Real,./.
'derivative(approxPlant.driveline.Gear.phi_rel)',C_derivative_a__Gear__phi_rel__,State,Real,./.
'derivative(approxPlant.driveline.Gear.tau_c)',C_derivative_a____Gear__tau_c__,State,Real,./.
'derivative(approxPlant.driveline.Gear.tau_d)',C_derivative_a____Gear__tau_d__,State,Real,./.
'derivative(approxPlant.driveline.Gear.w_rel)',C_derivative_a____Gear__w_rel__,State,Real,./.
'approxPlant.driveline.Gear.phi_rel',C_approxPlant____Gear__phi_rel_,State,Real,./.
'approxPlant.driveline.Gear.tau_c',C_approxPlant___e__Gear__tau_c_,State,Real,./.
'approxPlant.driveline.Gear.tau_d',C_approxPlant___e__Gear__tau_d_,State,Real,./.
'derivative(approxPlant.driveline.flange_b.tau)',C_derivative_a__flange_b__tau__,State,Real,./.
'approxPlant.driveline.flange_b.tau',C_approxPlant____flange_b__tau_,State,Real,./.
'derivative(approxPlant.driveline.inertiaDrivelineIn.w)',C_derivative_a__rivelineIn__w__,State,Real,./.
'approxPlant.driveline.inertiaDrivelineIn.flange_b.tau',C_approxPlant___flange_b__tau_0,State,Real,./.
'derivative(approxPlant.torqueDist.flange.tau)',C_derivative_a____flange__tau__,State,Real,./.
'approxPlant.torqueDist.flange.tau',C_approxPlant___t__flange__tau_,State,Real,./.
'filter.normalized',C_filter__normalized_,Constant,Boolean,./.
'filter.x_start[1]',C_filter__x_start_1__,Constant,Real,./.
'filter.x_start[2]',C_filter__x_start_2__,Constant,Real,./.
'filter.alpha',C_filter__alpha_,DependentParameter,Real,./.
'filter.w',C_filter__w_,DependentParameter,Real,./.
'derivative(filter.x[1])',C_derivative_filter__x_1___,State,Real,./.
'derivative(filter.x[2])',C_derivative_filter__x_2___,State,Real,./.
'filter.x[1]',C_filter__x_1__,State,Real,./.
'filter.x[2]',C_filter__x_2__,State,Real,./.
'gear.u',C_gear__u_,State,Real,./.
'gear.y',C_gear__y_,State,Real,./.
'gear1.k',C_gear1__k_,DependentParameter,Real,./.
'discrete.stepSize',C_discrete__stepSize_,Constant,Real,./.
